{"HaawmmaiGaKQZF96FgXnQf2qRXzyG9SG":6643853.699999984,"H3ToNpoyFUic2Xo6GR9xnNkQka6EQ9B4Z":1288412.372533777,"H2i68PFHyMmmsEkEMKnT1sWZLW41a73hW":254271.328692797,"HwHNxf2gXr7qkQERhUkbMQc568Tv4zT3":8.010829333215952e-9,"Ha7rDCEh1Nu9choovE2Rpxrymh4HBDkj":-199999.999999999,"H6ALsMpjx8X8o1fmHecfy93GZeHY5EgB":-227122.841533779,"H2E7xSfMrPt2P96WWHQKR37Qpgfd6HskJ":-254271.32869280502,"H4E7PYcLPEo3Azj6i6RPbDAqW4sQH3EaJ":-861289.530999999,"H22LAqvu5qVehF8wnCix2Wgat8DQ2Tqrq":-6643853.699999984}